guild_id,role_id,user_id,channel_id,timestamp
1399126688943570974,1422173161171976272,1316778370494759003,1399493915131904123,2025-11-23T15:53:45.993305+00:00
1399126688943570974,1422174177384730714,1162055970898321508,1403734511258304662,2025-11-23T15:54:39.610370+00:00
1399126688943570974,1422173161171976272,175482097803329546,1399493915131904123,2025-11-23T17:37:39.624669+00:00
1399126688943570974,1422174177384730714,1260548849987092543,1403734511258304662,2025-11-23T18:56:01.640709+00:00
1399126688943570974,1422174177384730714,1260548849987092543,1403734511258304662,2025-11-23T19:21:46.429529+00:00
1399126688943570974,1422173161171976272,1316778370494759003,1399493915131904123,2025-11-23T20:04:38.647176+00:00
1399126688943570974,1422173161171976272,1316778370494759003,1399493915131904123,2025-11-23T20:40:29.276363+00:00
1399126688943570974,1422174177384730714,1162055970898321508,1403734511258304662,2025-11-23T21:21:57.457827+00:00
1399126688943570974,1422174177384730714,1316778370494759003,1403734511258304662,2025-11-23T21:57:51.892966+00:00
1399126688943570974,1422174177384730714,1279758592211161118,1403734511258304662,2025-11-23T22:13:50.193316+00:00
1399126688943570974,1422174177384730714,265960620736774144,1403734511258304662,2025-11-23T22:16:57.660190+00:00
1399126688943570974,1422174177384730714,1260548849987092543,1403734511258304662,2025-11-23T23:03:45.225177+00:00
1399126688943570974,1422174177384730714,1260548849987092543,1403734511258304662,2025-11-23T23:06:09.441391+00:00
1399126688943570974,1422174177384730714,265960620736774144,1403734511258304662,2025-11-23T23:24:09.137676+00:00
1399126688943570974,1422174177384730714,1260548849987092543,1403734511258304662,2025-11-24T01:07:55.097457+00:00
1399126688943570974,1422174177384730714,1162055970898321508,1403734511258304662,2025-11-24T06:10:56.052817+00:00
1399126688943570974,1422174177384730714,1279758592211161118,1403734511258304662,2025-11-24T07:08:04.308543+00:00
1399126688943570974,1422174177384730714,1162055970898321508,1403734511258304662,2025-11-24T07:10:13.398463+00:00
1399126688943570974,1422174177384730714,1279758592211161118,1403734511258304662,2025-11-24T07:13:10.510437+00:00
1399126688943570974,1422174177384730714,265960620736774144,1403734511258304662,2025-11-24T07:18:04.285770+00:00
1399126688943570974,1422174177384730714,1316778370494759003,1403734511258304662,2025-11-24T07:19:01.501398+00:00
1399126688943570974,1422174177384730714,1162055970898321508,1403734511258304662,2025-11-24T07:21:19.917101+00:00
1399126688943570974,1422174177384730714,265960620736774144,1403734511258304662,2025-11-24T07:23:52.288225+00:00
1399126688943570974,1422174177384730714,265960620736774144,1403734511258304662,2025-11-24T11:44:11.135594+00:00
1399126688943570974,1422174177384730714,623904576671711273,1403734511258304662,2025-11-24T11:45:33.170386+00:00
1399126688943570974,1422174177384730714,1272538787322396703,1403734511258304662,2025-11-24T12:01:02.131804+00:00
1399126688943570974,1422174177384730714,1366089593321160856,1403734511258304662,2025-11-24T14:09:41.845501+00:00
1399126688943570974,1422174177384730714,1409351693124239430,1403734511258304662,2025-11-24T14:51:01.358189+00:00
1399126688943570974,1422174177384730714,623904576671711273,1403734511258304662,2025-11-24T14:55:41.098392+00:00
1399126688943570974,1422174177384730714,1316778370494759003,1403734511258304662,2025-11-24T14:57:10.273086+00:00
1399126688943570974,1422174177384730714,265960620736774144,1403734511258304662,2025-11-24T14:58:11.100272+00:00
1399126688943570974,1422174177384730714,1162055970898321508,1403734511258304662,2025-11-24T15:02:12.115047+00:00
1399126688943570974,1438564254872637460,962835349250375710,1438565289561427989,2025-11-24T15:37:31.289956+00:00
1399126688943570974,1422173161171976272,461240029340237824,1399493915131904123,2025-11-24T15:59:45.960119+00:00
1399126688943570974,1422174177384730714,1272538787322396703,1403734511258304662,2025-11-24T20:16:34.964399+00:00
1399126688943570974,1422174177384730714,1272538787322396703,1403734511258304662,2025-11-24T20:35:12.935050+00:00
1399126688943570974,1422174177384730714,1272538787322396703,1403734511258304662,2025-11-24T21:02:37.805584+00:00
1399126688943570974,1422174177384730714,1272538787322396703,1403734511258304662,2025-11-24T21:09:24.888989+00:00
1399126688943570974,1422173161171976272,1316778370494759003,1403734511258304662,2025-11-24T21:10:48.538364+00:00
1399126688943570974,1422173161171976272,1316778370494759003,1399493915131904123,2025-11-24T21:11:04.208731+00:00
1399126688943570974,1438564254872637460,962835349250375710,1438565289561427989,2025-11-24T21:55:00.742314+00:00
1399126688943570974,1422174177384730714,693591872672759910,1403734511258304662,2025-11-24T22:46:05.959609+00:00
1399126688943570974,1422174177384730714,962835349250375710,1403734511258304662,2025-11-24T22:46:58.838531+00:00
1399126688943570974,1422174177384730714,1272538787322396703,1403734511258304662,2025-11-24T22:47:58.136730+00:00
1399126688943570974,1422174177384730714,1272538787322396703,1403734511258304662,2025-11-24T22:49:23.224278+00:00
1399126688943570974,1422174177384730714,836409052934176798,1403734511258304662,2025-11-24T22:50:57.238575+00:00
1399126688943570974,1422174177384730714,962835349250375710,1403734511258304662,2025-11-24T22:53:59.443073+00:00
1399126688943570974,1422174177384730714,1162055970898321508,1403734511258304662,2025-11-24T22:54:56.958600+00:00
1399126688943570974,1422174177384730714,1403524638130044989,1403734511258304662,2025-11-24T23:06:24.659850+00:00
1399126688943570974,1422174177384730714,1272538787322396703,1403734511258304662,2025-11-24T23:10:55.090791+00:00
1399126688943570974,1422174177384730714,1272538787322396703,1403734511258304662,2025-11-24T23:13:53.485582+00:00
1399126688943570974,1422174177384730714,693591872672759910,1403734511258304662,2025-11-24T23:17:46.515968+00:00
1399126688943570974,1422174177384730714,1272538787322396703,1403734511258304662,2025-11-24T23:17:52.753194+00:00
1399126688943570974,1422174177384730714,1272538787322396703,1403734511258304662,2025-11-24T23:21:35.294177+00:00
1399126688943570974,1422174177384730714,693591872672759910,1403734511258304662,2025-11-24T23:26:10.768069+00:00
1399126688943570974,1438564254872637460,962835349250375710,1438565289561427989,2025-11-25T00:23:21.260582+00:00
1399126688943570974,1422174177384730714,1012395044533178398,1403734511258304662,2025-11-25T01:08:08.575778+00:00
1399126688943570974,1431422590781624470,1378629198729449593,1403816702805807275,2025-11-25T05:16:33.210819+00:00
1399126688943570974,1422174177384730714,1012395044533178398,1403734511258304662,2025-11-25T05:40:39.157312+00:00
1399126688943570974,1422174177384730714,1162055970898321508,1403734511258304662,2025-11-25T07:02:00.266367+00:00
1399126688943570974,1422174177384730714,1012395044533178398,1403734511258304662,2025-11-25T07:07:24.073574+00:00
1399126688943570974,1422174177384730714,1378629198729449593,1403734511258304662,2025-11-25T07:10:41.431721+00:00
1399126688943570974,1422174177384730714,265960620736774144,1403734511258304662,2025-11-25T08:13:14.163295+00:00
1399126688943570974,1422174177384730714,1272538787322396703,1403734511258304662,2025-11-25T10:00:45.431394+00:00
1399126688943570974,1422174177384730714,265960620736774144,1403734511258304662,2025-11-25T10:14:59.978290+00:00
1399126688943570974,1422174177384730714,1366089593321160856,1403734511258304662,2025-11-25T14:37:55.353319+00:00
1399126688943570974,1422174177384730714,1012395044533178398,1403734511258304662,2025-11-25T16:59:21.729258+00:00
1399126688943570974,1422174177384730714,265960620736774144,1403734511258304662,2025-11-25T17:47:07.302651+00:00
1399126688943570974,1422174177384730714,1331927419665514496,1403734511258304662,2025-11-25T18:08:06.853916+00:00
1399126688943570974,1422174177384730714,265960620736774144,1403734511258304662,2025-11-25T18:17:47.959532+00:00
1399126688943570974,1422174177384730714,1272538787322396703,1403734511258304662,2025-11-25T20:48:23.116210+00:00
1399126688943570974,1422174177384730714,1272538787322396703,1403734511258304662,2025-11-25T20:54:05.795776+00:00
1399126688943570974,1422174177384730714,1272538787322396703,1403734511258304662,2025-11-25T21:06:27.987169+00:00
1399126688943570974,1422174177384730714,1272538787322396703,1403734511258304662,2025-11-25T21:06:50.913020+00:00
1399126688943570974,1422174177384730714,1403524638130044989,1403734511258304662,2025-11-25T21:11:33.050951+00:00
1399126688943570974,1422174177384730714,212762107358347264,1403734511258304662,2025-11-25T21:11:52.281593+00:00
1399126688943570974,1422174177384730714,212762107358347264,1403734511258304662,2025-11-25T21:12:25.031271+00:00
1399126688943570974,1422174177384730714,623904576671711273,1403734511258304662,2025-11-25T21:13:21.304200+00:00
1399126688943570974,1422174177384730714,1403524638130044989,1403734511258304662,2025-11-25T21:14:56.434856+00:00
1399126688943570974,1422174177384730714,1403524638130044989,1403734511258304662,2025-11-25T21:17:25.455139+00:00
1399126688943570974,1422174177384730714,1272538787322396703,1403734511258304662,2025-11-25T21:19:43.942648+00:00
1399126688943570974,1422174177384730714,1403524638130044989,1403734511258304662,2025-11-25T21:20:28.954945+00:00
1399126688943570974,1422174177384730714,1403524638130044989,1403734511258304662,2025-11-25T21:22:42.680462+00:00
1399126688943570974,1422174177384730714,623904576671711273,1403734511258304662,2025-11-25T21:23:30.107231+00:00
1399126688943570974,1422174177384730714,1403524638130044989,1403734511258304662,2025-11-25T21:24:49.447779+00:00
1399126688943570974,1422174177384730714,1272538787322396703,1403734511258304662,2025-11-25T21:26:06.763661+00:00
1399126688943570974,1422174177384730714,1403524638130044989,1403734511258304662,2025-11-25T21:27:37.438154+00:00
1399126688943570974,1422174177384730714,1162055970898321508,1403734511258304662,2025-11-25T21:31:10.349835+00:00
1399126688943570974,1422174177384730714,1409351693124239430,1403734511258304662,2025-11-25T22:02:49.436109+00:00
1399126688943570974,1422174177384730714,265960620736774144,1403734511258304662,2025-11-25T22:03:33.670109+00:00
1399126688943570974,1422174177384730714,265960620736774144,1403734511258304662,2025-11-25T22:07:23.712061+00:00
1399126688943570974,1422174177384730714,623904576671711273,1403734511258304662,2025-11-25T22:07:28.283393+00:00
1399126688943570974,1422174177384730714,265960620736774144,1403734511258304662,2025-11-25T22:11:48.970679+00:00
1399126688943570974,1438564254872637460,962835349250375710,1438565289561427989,2025-11-25T22:21:46.731148+00:00
1399126688943570974,1422174177384730714,975306932892102716,1403734511258304662,2025-11-26T00:40:17.549533+00:00
1399126688943570974,1438564254872637460,962835349250375710,1438565289561427989,2025-11-26T00:41:18.607685+00:00
1399126688943570974,1422174177384730714,1152422858132312126,1403734511258304662,2025-11-26T01:24:50.327104+00:00
1399126688943570974,1422174177384730714,1260548849987092543,1403734511258304662,2025-11-26T05:35:31.265172+00:00
1399126688943570974,1422173161171976272,461240029340237824,1399493915131904123,2025-11-26T08:06:53.941734+00:00
1399126688943570974,1422173161171976272,175482097803329546,1427743564174987315,2025-11-26T09:49:33.511650+00:00
1399126688943570974,1422174177384730714,1260548849987092543,1403734511258304662,2025-11-26T10:06:54.802449+00:00
1399126688943570974,1422174177384730714,1316778370494759003,1403734511258304662,2025-11-26T10:25:56.245298+00:00
1399126688943570974,1422174177384730714,1162055970898321508,1403734511258304662,2025-11-26T10:40:46.341685+00:00
1399126688943570974,1422173161171976272,461240029340237824,1399493915131904123,2025-11-26T12:36:29.306226+00:00
1399126688943570974,1422174177384730714,1260548849987092543,1403734511258304662,2025-11-26T16:14:10.572498+00:00
1399126688943570974,1422174177384730714,1012395044533178398,1403734511258304662,2025-11-26T16:27:38.734493+00:00
1399126688943570974,1422174177384730714,1260548849987092543,1403734511258304662,2025-11-26T16:35:12.855269+00:00
1399126688943570974,1422174177384730714,1260548849987092543,1403734511258304662,2025-11-26T17:14:11.785858+00:00
1399126688943570974,1422174177384730714,1162055970898321508,1403734511258304662,2025-11-26T17:35:36.694047+00:00
1399126688943570974,1422173161171976272,1331927419665514496,1399493915131904123,2025-11-26T17:58:47.113339+00:00
1399126688943570974,1422174177384730714,1260548849987092543,1403734511258304662,2025-11-26T19:07:26.043144+00:00
1399126688943570974,1422174177384730714,175482097803329546,1403734511258304662,2025-11-26T19:14:27.000230+00:00
1399126688943570974,1422174177384730714,1260548849987092543,1403734511258304662,2025-11-26T20:28:41.732997+00:00
1399126688943570974,1422174177384730714,1417668966083596298,1403734511258304662,2025-11-26T23:44:55.632158+00:00
1399126688943570974,1422174177384730714,1366089593321160856,1403734511258304662,2025-11-27T00:32:10.481579+00:00
1399126688943570974,1422174177384730714,1260548849987092543,1403734511258304662,2025-11-27T00:49:39.460382+00:00
1399126688943570974,1422174177384730714,1152422858132312126,1403734511258304662,2025-11-27T02:05:31.279306+00:00
1399126688943570974,1422174177384730714,1260548849987092543,1403734511258304662,2025-11-27T06:18:17.980343+00:00
1399126688943570974,1422174177384730714,1012395044533178398,1403734511258304662,2025-11-27T08:04:16.597698+00:00
1399126688943570974,1422174177384730714,1331927419665514496,1403734511258304662,2025-11-27T09:29:14.920359+00:00
1399126688943570974,1422174177384730714,1403524638130044989,1403734511258304662,2025-11-27T12:12:08.339483+00:00
1399126688943570974,1422174177384730714,693591872672759910,1403734511258304662,2025-11-27T16:23:17.870585+00:00
1399126688943570974,1422174177384730714,1162055970898321508,1403734511258304662,2025-11-27T16:35:50.938793+00:00
1399126688943570974,1422174177384730714,212762107358347264,1403734511258304662,2025-11-27T16:36:32.969273+00:00
1399126688943570974,1422174177384730714,212762107358347264,1403734511258304662,2025-11-27T16:36:57.858017+00:00
1399126688943570974,1422174177384730714,1162055970898321508,1403734511258304662,2025-11-27T16:39:04.383161+00:00
1399126688943570974,1422174177384730714,881984650170470450,1403734511258304662,2025-11-27T16:46:12.155787+00:00
1399126688943570974,1422174177384730714,1409351693124239430,1403734511258304662,2025-11-27T16:47:51.275223+00:00
1399126688943570974,1422174177384730714,623904576671711273,1403734511258304662,2025-11-27T16:50:31.693586+00:00
1399126688943570974,1422174177384730714,1366089593321160856,1403734511258304662,2025-11-27T17:35:06.325629+00:00
1399126688943570974,1422174177384730714,962835349250375710,1403734511258304662,2025-11-27T17:38:21.690975+00:00
1399126688943570974,1422174177384730714,962835349250375710,1403734511258304662,2025-11-27T17:44:16.781984+00:00
1399126688943570974,1422174177384730714,693591872672759910,1403734511258304662,2025-11-27T18:38:59.231821+00:00
1399126688943570974,1422174177384730714,1012395044533178398,1403734511258304662,2025-11-27T18:47:05.448472+00:00
1399126688943570974,1422174177384730714,948999752635265107,1403734511258304662,2025-11-27T19:06:14.111216+00:00
1399126688943570974,1422173161171976272,1331927419665514496,1399493915131904123,2025-11-27T20:03:21.554929+00:00
1399126688943570974,1422173161171976272,962835349250375710,1399493915131904123,2025-11-27T22:16:43.903780+00:00
1399126688943570974,1422173161171976272,962835349250375710,1399493915131904123,2025-11-27T22:37:59.729068+00:00
1399126688943570974,1422174177384730714,693591872672759910,1403734511258304662,2025-11-27T22:43:13.848162+00:00
1399126688943570974,1422174177384730714,1162055970898321508,1403734511258304662,2025-11-27T22:47:41.538814+00:00
1399126688943570974,1422174177384730714,1378629198729449593,1403734511258304662,2025-11-27T23:16:14.536265+00:00
1399126688943570974,1422174177384730714,1260548849987092543,1403734511258304662,2025-11-27T23:49:29.159956+00:00
1399126688943570974,1422174177384730714,693591872672759910,1403734511258304662,2025-11-27T23:56:25.105267+00:00
1399126688943570974,1422174177384730714,1260548849987092543,1403734511258304662,2025-11-28T00:10:33.902467+00:00
1399126688943570974,1422173161171976272,1316778370494759003,1399493915131904123,2025-11-28T08:40:11.246765+00:00
1399126688943570974,1422174177384730714,975306932892102716,1403734511258304662,2025-11-28T12:08:17.181722+00:00
1399126688943570974,1422173161171976272,1316778370494759003,1399480715665477743,2025-11-28T16:06:31.254934+00:00
1399126688943570974,1422174177384730714,623904576671711273,1403734511258304662,2025-11-28T16:46:54.955353+00:00
1399126688943570974,1422174177384730714,693591872672759910,1403734511258304662,2025-11-28T17:09:28.432493+00:00
1399126688943570974,1422174177384730714,975306932892102716,1403734511258304662,2025-11-28T17:10:17.871683+00:00
1399126688943570974,1422173161171976272,1316778370494759003,1399493915131904123,2025-11-28T18:19:45.626399+00:00
1399126688943570974,1422174177384730714,1260548849987092543,1403734511258304662,2025-11-28T22:54:49.861391+00:00
1399126688943570974,1422174177384730714,1316778370494759003,1403734511258304662,2025-11-28T22:56:56.097539+00:00
1399126688943570974,1422174177384730714,1260548849987092543,1403734511258304662,2025-11-29T02:53:12.832585+00:00
1399126688943570974,1422174177384730714,1260548849987092543,1403734511258304662,2025-11-29T09:38:44.418308+00:00
1399126688943570974,1422174177384730714,1260548849987092543,1403734511258304662,2025-11-29T10:04:02.514143+00:00
1399126688943570974,1422173161171976272,461240029340237824,1399493915131904123,2025-11-29T12:31:05.326968+00:00
1399126688943570974,1426609198397001768,823104418807414794,1404090238657232977,2025-11-29T14:58:52.775093+00:00
1399126688943570974,1422174177384730714,1403524638130044989,1403734511258304662,2025-11-29T15:36:06.066656+00:00
1399126688943570974,1422174177384730714,962835349250375710,1403734511258304662,2025-11-29T15:43:49.055832+00:00
1399126688943570974,1422174177384730714,623904576671711273,1403734511258304662,2025-11-29T15:48:09.189798+00:00
1399126688943570974,1422174177384730714,1366089593321160856,1403734511258304662,2025-11-29T16:30:46.708605+00:00
1399126688943570974,1422174177384730714,1403524638130044989,1403734511258304662,2025-11-29T22:27:15.120356+00:00
1399126688943570974,1422174177384730714,1260548849987092543,1403734511258304662,2025-11-29T23:09:07.066668+00:00
1399126688943570974,1431422590781624470,1231027270228115567,1403816702805807275,2025-11-29T23:09:16.493186+00:00
1399126688943570974,1422174177384730714,1260548849987092543,1403734511258304662,2025-11-30T03:09:57.237625+00:00
1399126688943570974,1422174177384730714,1260548849987092543,1403734511258304662,2025-11-30T03:27:43.005491+00:00
1399126688943570974,1422174177384730714,1012395044533178398,1403734511258304662,2025-11-30T03:34:46.431578+00:00
1399126688943570974,1438564254872637460,962835349250375710,1438565289561427989,2025-11-30T08:39:06.215687+00:00
1399126688943570974,1422173161171976272,461240029340237824,1399493915131904123,2025-11-30T11:36:23.813307+00:00
1399126688943570974,1422174177384730714,1331927419665514496,1403734511258304662,2025-11-30T13:34:44.021588+00:00
1399126688943570974,1422173161171976272,655639673401638924,1399493915131904123,2025-11-30T14:54:34.499509+00:00
1399126688943570974,1422174177384730714,1331927419665514496,1403734511258304662,2025-11-30T15:47:50.887545+00:00
1399126688943570974,1438564254872637460,403232673268498453,1438565289561427989,2025-11-30T16:13:12.798246+00:00
1399126688943570974,1422174177384730714,1260548849987092543,1403734511258304662,2025-11-30T16:21:56.286537+00:00
1399126688943570974,1422174177384730714,693591872672759910,1403734511258304662,2025-11-30T17:22:26.639735+00:00
1399126688943570974,1422174177384730714,1260548849987092543,1403734511258304662,2025-11-30T19:14:09.844227+00:00
1399126688943570974,1422173161171976272,461240029340237824,1399493915131904123,2025-12-01T09:51:32.937787+00:00
1399126688943570974,1422173161171976272,1316778370494759003,1399480715665477743,2025-12-01T13:31:36.893294+00:00
1399126688943570974,1422173161171976272,1316778370494759003,1399493915131904123,2025-12-01T13:31:53.731635+00:00
1399126688943570974,1422174177384730714,1279758592211161118,1403734511258304662,2025-12-01T14:50:59.141003+00:00
1399126688943570974,1422174177384730714,1316778370494759003,1403734511258304662,2025-12-01T16:23:33.626347+00:00
1399126688943570974,1422174177384730714,1316778370494759003,1403734511258304662,2025-12-01T17:05:34.750167+00:00
1399126688943570974,1422174177384730714,1272538787322396703,1403734511258304662,2025-12-01T18:51:26.296636+00:00
1399126688943570974,1422174177384730714,1272538787322396703,1399480715665477743,2025-12-01T19:00:23.908345+00:00
1399126688943570974,1422174177384730714,1331927419665514496,1403734511258304662,2025-12-01T19:10:49.374028+00:00
1399126688943570974,1422174177384730714,1272538787322396703,1403734511258304662,2025-12-01T19:11:27.380206+00:00
1399126688943570974,1422174177384730714,1316778370494759003,1403734511258304662,2025-12-01T19:12:22.652523+00:00
1399126688943570974,1422174177384730714,1272538787322396703,1403734511258304662,2025-12-01T19:13:40.717715+00:00
1399126688943570974,1422174177384730714,975306932892102716,1403734511258304662,2025-12-01T19:14:08.949420+00:00
1399126688943570974,1422174177384730714,962835349250375710,1403734511258304662,2025-12-01T19:15:04.525821+00:00
1399126688943570974,1422174177384730714,1272538787322396703,1403734511258304662,2025-12-01T19:15:11.273310+00:00
1399126688943570974,1422174177384730714,1015772818295758908,1403734511258304662,2025-12-01T20:40:29.328777+00:00
1399126688943570974,1422174177384730714,622180544737837077,1403734511258304662,2025-12-01T21:32:42.190922+00:00
1399126688943570974,1422174177384730714,1403524638130044989,1403734511258304662,2025-12-01T21:33:35.175118+00:00
1399126688943570974,1422174177384730714,622180544737837077,1403734511258304662,2025-12-01T21:37:19.725349+00:00
1399126688943570974,1422174177384730714,1409351693124239430,1403734511258304662,2025-12-01T21:37:59.949811+00:00
1399126688943570974,1422174177384730714,1403524638130044989,1403734511258304662,2025-12-01T21:40:00.088333+00:00
1399126688943570974,1422174177384730714,1162055970898321508,1403734511258304662,2025-12-01T21:41:13.368819+00:00
1399126688943570974,1422174177384730714,1403524638130044989,1403734511258304662,2025-12-01T21:44:07.323544+00:00
1399126688943570974,1422174177384730714,622180544737837077,1403734511258304662,2025-12-01T21:49:02.923792+00:00
1399126688943570974,1422174177384730714,1272538787322396703,1403734511258304662,2025-12-01T21:49:15.266413+00:00
1399126688943570974,1422174177384730714,1403524638130044989,1403734511258304662,2025-12-01T21:50:26.958857+00:00
1399126688943570974,1422174177384730714,1162055970898321508,1403734511258304662,2025-12-01T21:50:40.430948+00:00
1399126688943570974,1422174177384730714,1272538787322396703,1403734511258304662,2025-12-01T21:55:16.919804+00:00
1399126688943570974,1422174177384730714,1162055970898321508,1403734511258304662,2025-12-01T21:59:28.041417+00:00
1399126688943570974,1422174177384730714,1048227294759616563,1403734511258304662,2025-12-01T22:02:22.561727+00:00
1399126688943570974,1422174177384730714,1316778370494759003,1403734511258304662,2025-12-01T22:03:20.483779+00:00
1399126688943570974,1422174177384730714,1162055970898321508,1403734511258304662,2025-12-01T22:05:46.420848+00:00
1399126688943570974,1422174177384730714,1403524638130044989,1403734511258304662,2025-12-02T00:02:53.008630+00:00
1399126688943570974,1422174177384730714,1403524638130044989,1403734511258304662,2025-12-02T00:05:17.123476+00:00
1399126688943570974,1422174177384730714,265960620736774144,1403734511258304662,2025-12-02T02:42:57.807142+00:00
1399126688943570974,1422174177384730714,265960620736774144,1403734511258304662,2025-12-02T07:58:26.159635+00:00
1399126688943570974,1422174177384730714,1279758592211161118,1403734511258304662,2025-12-02T08:27:36.632785+00:00
1399126688943570974,1422174177384730714,1279758592211161118,1403734511258304662,2025-12-02T08:36:55.348093+00:00
1399126688943570974,1422174177384730714,1316778370494759003,1403734511258304662,2025-12-02T08:37:34.012293+00:00
1399126688943570974,1422174177384730714,1279758592211161118,1403734511258304662,2025-12-02T08:42:50.222053+00:00
1399126688943570974,1422174177384730714,1260548849987092543,1403734511258304662,2025-12-02T09:57:57.379429+00:00
1399126688943570974,1422174177384730714,948999752635265107,1403734511258304662,2025-12-02T12:36:06.725583+00:00
1399126688943570974,1422174177384730714,1162055970898321508,1403734511258304662,2025-12-02T12:40:28.915475+00:00
1399126688943570974,1422174177384730714,265960620736774144,1403734511258304662,2025-12-02T12:40:52.929994+00:00
1399126688943570974,1431422590781624470,1048227294759616563,1403816702805807275,2025-12-02T14:22:36.578282+00:00
1399126688943570974,1422174177384730714,975306932892102716,1403734511258304662,2025-12-02T14:25:32.136044+00:00
1399126688943570974,1422173161171976272,962835349250375710,1399493915131904123,2025-12-02T14:37:15.118448+00:00
1399126688943570974,1422174177384730714,1409351693124239430,1403734511258304662,2025-12-02T19:24:40.482691+00:00
1399126688943570974,1422174177384730714,962835349250375710,1403734511258304662,2025-12-02T19:37:16.823856+00:00
1399126688943570974,1422174177384730714,1260548849987092543,1403734511258304662,2025-12-02T19:43:47.258990+00:00
1399126688943570974,1422174177384730714,265960620736774144,1403734511258304662,2025-12-03T01:09:31.706795+00:00
1399126688943570974,1422174177384730714,1260548849987092543,1403734511258304662,2025-12-03T06:27:10.311218+00:00
1399126688943570974,1422173161171976272,461240029340237824,1399493915131904123,2025-12-03T07:01:31.394210+00:00
1399126688943570974,1422174177384730714,265960620736774144,1403734511258304662,2025-12-03T07:01:38.369994+00:00
1399126688943570974,1422174177384730714,1162055970898321508,1403734511258304662,2025-12-03T08:55:35.416354+00:00
1399126688943570974,1422174177384730714,265960620736774144,1403734511258304662,2025-12-03T09:10:34.608376+00:00
1399126688943570974,1431422590781624470,1048227294759616563,1403816702805807275,2025-12-03T10:13:07.315327+00:00
1399126688943570974,1422174177384730714,265960620736774144,1403734511258304662,2025-12-03T10:31:49.731613+00:00
1399126688943570974,1422173161171976272,1316778370494759003,1399493915131904123,2025-12-03T12:21:54.220832+00:00
1399126688943570974,1422174177384730714,212762107358347264,1403734511258304662,2025-12-03T13:33:48.217755+00:00
1399126688943570974,1422174177384730714,1316778370494759003,1403734511258304662,2025-12-03T13:34:24.252061+00:00
1399126688943570974,1422174177384730714,623904576671711273,1403734511258304662,2025-12-03T13:34:51.170698+00:00
1399126688943570974,1422174177384730714,212762107358347264,1403734511258304662,2025-12-03T13:36:16.955363+00:00
1399126688943570974,1422174177384730714,962835349250375710,1403734511258304662,2025-12-03T13:36:35.116610+00:00
1399126688943570974,1422174177384730714,623904576671711273,1403734511258304662,2025-12-03T13:37:09.781335+00:00
1399126688943570974,1422174177384730714,962835349250375710,1403734511258304662,2025-12-03T13:37:49.987563+00:00
1399126688943570974,1422174177384730714,623904576671711273,1403734511258304662,2025-12-03T13:39:26.557463+00:00
1399126688943570974,1422174177384730714,623904576671711273,1403734511258304662,2025-12-03T13:43:15.368632+00:00
1399126688943570974,1422174177384730714,212762107358347264,1403734511258304662,2025-12-03T13:43:36.515654+00:00
1399126688943570974,1422174177384730714,1048227294759616563,1403734511258304662,2025-12-03T13:46:28.270930+00:00
1399126688943570974,1422174177384730714,212762107358347264,1403734511258304662,2025-12-03T13:48:34.595241+00:00
1399126688943570974,1422174177384730714,1403524638130044989,1403734511258304662,2025-12-03T13:49:22.640558+00:00
1399126688943570974,1422174177384730714,1409351693124239430,1403734511258304662,2025-12-03T13:50:34.865981+00:00
1399126688943570974,1422174177384730714,1048227294759616563,1403734511258304662,2025-12-03T13:51:14.828471+00:00
1399126688943570974,1422174177384730714,265960620736774144,1403734511258304662,2025-12-03T13:52:50.176671+00:00
1399126688943570974,1422174177384730714,1409351693124239430,1403734511258304662,2025-12-03T13:53:04.135251+00:00
1399126688943570974,1422174177384730714,1316778370494759003,1403734511258304662,2025-12-03T13:53:47.897137+00:00
1399126688943570974,1422174177384730714,1403524638130044989,1403734511258304662,2025-12-03T13:55:28.451809+00:00
1399126688943570974,1422174177384730714,212762107358347264,1403734511258304662,2025-12-03T13:57:17.223619+00:00
1399126688943570974,1422174177384730714,1403524638130044989,1403734511258304662,2025-12-03T14:00:04.547596+00:00
1399126688943570974,1422174177384730714,1409351693124239430,1403734511258304662,2025-12-03T14:00:32.730771+00:00
1399126688943570974,1422174177384730714,212762107358347264,1403734511258304662,2025-12-03T14:01:39.930513+00:00
1399126688943570974,1422174177384730714,836409052934176798,1403734511258304662,2025-12-03T14:04:15.958466+00:00
1399126688943570974,1422174177384730714,212762107358347264,1403734511258304662,2025-12-03T14:07:48.289934+00:00
1399126688943570974,1422174177384730714,962835349250375710,1403734511258304662,2025-12-03T14:07:50.912639+00:00
1399126688943570974,1422174177384730714,1316778370494759003,1403734511258304662,2025-12-03T14:08:42.546991+00:00
1399126688943570974,1422174177384730714,1162055970898321508,1403734511258304662,2025-12-03T14:10:36.075934+00:00
1399126688943570974,1422174177384730714,212762107358347264,1403734511258304662,2025-12-03T14:13:06.270634+00:00
1399126688943570974,1422174177384730714,962835349250375710,1403734511258304662,2025-12-03T14:13:28.614697+00:00
1399126688943570974,1422174177384730714,212762107358347264,1403734511258304662,2025-12-03T14:15:47.688290+00:00
1399126688943570974,1422174177384730714,962835349250375710,1403734511258304662,2025-12-03T14:19:35.553241+00:00
1399126688943570974,1422174177384730714,212762107358347264,1403734511258304662,2025-12-03T14:21:54.745697+00:00
1399126688943570974,1422174177384730714,1316778370494759003,1403734511258304662,2025-12-03T14:23:36.094533+00:00
1399126688943570974,1422174177384730714,962835349250375710,1403734511258304662,2025-12-03T14:27:15.505275+00:00
1399126688943570974,1422174177384730714,693591872672759910,1403734511258304662,2025-12-03T16:36:17.439927+00:00
1399126688943570974,1422174177384730714,1316778370494759003,1403734511258304662,2025-12-03T17:36:24.540823+00:00
1399126688943570974,1422174177384730714,271996847944499200,1403734511258304662,2025-12-03T19:19:47.454998+00:00
1399126688943570974,1422173161171976272,1331927419665514496,1399493915131904123,2025-12-03T20:11:15.911039+00:00
1399126688943570974,1422174177384730714,962835349250375710,1403734511258304662,2025-12-03T20:29:54.311070+00:00
1399126688943570974,1422174177384730714,948999752635265107,1403734511258304662,2025-12-03T21:04:47.690210+00:00
1399126688943570974,1422173161171976272,962835349250375710,1399493915131904123,2025-12-03T21:12:20.716569+00:00
1399126688943570974,1422174177384730714,962835349250375710,1403734511258304662,2025-12-03T21:13:52.128259+00:00
1399126688943570974,1422174177384730714,1316778370494759003,1403734511258304662,2025-12-03T21:41:34.166508+00:00
1399126688943570974,1422174177384730714,962835349250375710,1403734511258304662,2025-12-03T21:42:39.311665+00:00
1399126688943570974,1422174177384730714,1403524638130044989,1403734511258304662,2025-12-03T21:48:46.866471+00:00
1399126688943570974,1422174177384730714,962835349250375710,1403734511258304662,2025-12-03T21:50:48.075244+00:00
1399126688943570974,1422174177384730714,271996847944499200,1403734511258304662,2025-12-03T21:52:01.666909+00:00
1399126688943570974,1422174177384730714,1403524638130044989,1403734511258304662,2025-12-03T21:52:56.568148+00:00
1399126688943570974,1422174177384730714,271996847944499200,1403734511258304662,2025-12-03T21:53:05.061475+00:00
1399126688943570974,1422174177384730714,1403524638130044989,1403734511258304662,2025-12-03T21:53:58.533919+00:00
1399126688943570974,1422174177384730714,962835349250375710,1403734511258304662,2025-12-03T21:55:33.809762+00:00
1399126688943570974,1422174177384730714,1403524638130044989,1403734511258304662,2025-12-03T21:55:59.137665+00:00
1399126688943570974,1422174177384730714,1048227294759616563,1403734511258304662,2025-12-03T21:57:46.587378+00:00
1399126688943570974,1422174177384730714,1403524638130044989,1403734511258304662,2025-12-03T21:58:05.742203+00:00
1399126688943570974,1422174177384730714,962835349250375710,1403734511258304662,2025-12-03T21:58:54.044031+00:00
1399126688943570974,1422174177384730714,1403524638130044989,1403734511258304662,2025-12-03T21:59:56.005263+00:00
1399126688943570974,1422174177384730714,962835349250375710,1403734511258304662,2025-12-03T22:03:13.941509+00:00
1399126688943570974,1422174177384730714,1048227294759616563,1403734511258304662,2025-12-03T22:06:08.206952+00:00
1399126688943570974,1422173161171976272,461240029340237824,1399493915131904123,2025-12-04T06:55:21.217945+00:00
1399126688943570974,1422174177384730714,265960620736774144,1403734511258304662,2025-12-04T08:33:46.117221+00:00
1399126688943570974,1422174177384730714,1316778370494759003,1403734511258304662,2025-12-04T11:20:49.429866+00:00
1399126688943570974,1422174177384730714,1316778370494759003,1403734511258304662,2025-12-04T11:21:08.940248+00:00
1399126688943570974,1422173161171976272,461240029340237824,1399493915131904123,2025-12-04T13:47:24.443564+00:00
1399126688943570974,1422174177384730714,948999752635265107,1403734511258304662,2025-12-04T13:59:10.073982+00:00
1399126688943570974,1422173161171976272,1366259180335271997,1399495826144755793,2025-12-04T19:13:03.943368+00:00
1399126688943570974,1422174177384730714,1260548849987092543,1403734511258304662,2025-12-04T22:25:19.066283+00:00
1399126688943570974,1422174177384730714,1260548849987092543,1403734511258304662,2025-12-04T22:52:40.839225+00:00
1399126688943570974,1422174177384730714,265960620736774144,1403734511258304662,2025-12-05T07:17:05.209560+00:00
1399126688943570974,1422173161171976272,1316778370494759003,1399493915131904123,2025-12-05T07:46:45.222928+00:00
1399126688943570974,1422173161171976272,962835349250375710,1399493915131904123,2025-12-05T10:10:26.180176+00:00
1399126688943570974,1431422590781624470,1151865416579305613,1403816702805807275,2025-12-05T11:00:16.003662+00:00
1399126688943570974,1422174177384730714,958152529315766362,1403734511258304662,2025-12-05T15:33:40.929644+00:00
1399126688943570974,1422174177384730714,212762107358347264,1403734511258304662,2025-12-05T15:34:09.036499+00:00
1399126688943570974,1422174177384730714,623904576671711273,1403734511258304662,2025-12-05T15:38:46.701063+00:00
1399126688943570974,1422174177384730714,623904576671711273,1403734511258304662,2025-12-05T15:41:24.181060+00:00
1399126688943570974,1422174177384730714,271996847944499200,1403734511258304662,2025-12-05T15:44:08.112744+00:00
1399126688943570974,1422174177384730714,1316778370494759003,1403734511258304662,2025-12-05T15:48:14.965909+00:00
1399126688943570974,1422174177384730714,623904576671711273,1403734511258304662,2025-12-05T15:50:49.229698+00:00
1399126688943570974,1422174177384730714,1048227294759616563,1403734511258304662,2025-12-05T16:51:27.721520+00:00
1399126688943570974,1426609198397001768,1316778370494759003,1436133257145094398,2025-12-05T20:17:45.557697+00:00
1399126688943570974,1422174177384730714,693591872672759910,1403734511258304662,2025-12-05T21:16:20.426974+00:00
1399126688943570974,1422174177384730714,693591872672759910,1403734511258304662,2025-12-05T22:08:45.004288+00:00
1399126688943570974,1422174177384730714,1260548849987092543,1403734511258304662,2025-12-06T05:54:02.841182+00:00
1399126688943570974,1422174177384730714,1216672154498629645,1403734511258304662,2025-12-06T06:17:34.286157+00:00
1399126688943570974,1422173161171976272,461240029340237824,1399493915131904123,2025-12-06T10:00:08.120982+00:00
1399126688943570974,1422174177384730714,1409351693124239430,1403734511258304662,2025-12-06T14:09:48.742502+00:00
1399126688943570974,1422174177384730714,1231027270228115567,1403734511258304662,2025-12-06T14:22:44.574344+00:00
1399126688943570974,1422173161171976272,655639673401638924,1399493915131904123,2025-12-06T14:24:40.087803+00:00
1399126688943570974,1422174177384730714,1409351693124239430,1403734511258304662,2025-12-06T14:27:00.214564+00:00
1399126688943570974,1422174177384730714,265960620736774144,1403734511258304662,2025-12-06T15:27:29.848221+00:00
1399126688943570974,1422174177384730714,1366089593321160856,1403734511258304662,2025-12-06T16:37:23.402536+00:00
1399126688943570974,1431422590781624470,1231027270228115567,1403816702805807275,2025-12-06T17:55:07.244347+00:00
1399126688943570974,1422174177384730714,265960620736774144,1403734511258304662,2025-12-06T23:34:28.173532+00:00
1399126688943570974,1422173161171976272,461240029340237824,1399493915131904123,2025-12-07T09:49:12.301983+00:00
1399126688943570974,1422173161171976272,1316778370494759003,1399493915131904123,2025-12-07T12:39:11.162708+00:00
1399126688943570974,1422174177384730714,623904576671711273,1403734511258304662,2025-12-07T17:11:40.889606+00:00
1399126688943570974,1422173161171976272,461240029340237824,1399493915131904123,2025-12-07T19:55:40.687192+00:00
1399126688943570974,1422174177384730714,693591872672759910,1403734511258304662,2025-12-07T21:08:09.023711+00:00
1399126688943570974,1422174177384730714,1152422858132312126,1403734511258304662,2025-12-08T01:08:46.562749+00:00
1399126688943570974,1422174177384730714,265960620736774144,1403734511258304662,2025-12-08T02:00:44.353386+00:00
1399126688943570974,1422174177384730714,1260548849987092543,1403734511258304662,2025-12-08T03:30:49.702086+00:00
1399126688943570974,1422173161171976272,461240029340237824,1399493915131904123,2025-12-08T06:36:17.899782+00:00
1399126688943570974,1422174177384730714,265960620736774144,1403734511258304662,2025-12-08T06:49:35.422603+00:00
1399126688943570974,1422174177384730714,623904576671711273,1403734511258304662,2025-12-08T09:06:03.536813+00:00
1399126688943570974,1422174177384730714,1260548849987092543,1403734511258304662,2025-12-08T09:21:23.312772+00:00
1399126688943570974,1422174177384730714,1260548849987092543,1403734511258304662,2025-12-08T11:59:37.469534+00:00
1399126688943570974,1422174177384730714,1316778370494759003,1403734511258304662,2025-12-08T13:19:31.975299+00:00
1399126688943570974,1422174177384730714,1409351693124239430,1403734511258304662,2025-12-08T15:22:26.513463+00:00
1399126688943570974,1422173161171976272,593398381909377034,1399493915131904123,2025-12-08T15:23:22.952811+00:00
1399126688943570974,1422174177384730714,265960620736774144,1403734511258304662,2025-12-08T15:27:46.392602+00:00
1399126688943570974,1422174177384730714,623904576671711273,1403734511258304662,2025-12-08T15:31:25.309841+00:00
1399126688943570974,1422174177384730714,1231027270228115567,1403734511258304662,2025-12-08T15:32:50.313374+00:00
1399126688943570974,1422174177384730714,693591872672759910,1403734511258304662,2025-12-08T16:17:55.592490+00:00
1399126688943570974,1431422590781624470,1231027270228115567,1403816702805807275,2025-12-08T16:19:14.429513+00:00
1399126688943570974,1422173161171976272,461240029340237824,1399493915131904123,2025-12-08T21:00:26.724231+00:00
1399126688943570974,1422174177384730714,958378061022236682,1403734511258304662,2025-12-08T21:29:36.337992+00:00
1399126688943570974,1422174177384730714,623904576671711273,1403734511258304662,2025-12-08T21:36:05.703332+00:00
1399126688943570974,1422174177384730714,1048227294759616563,1403734511258304662,2025-12-08T21:36:26.452168+00:00
1399126688943570974,1422174177384730714,265960620736774144,1403734511258304662,2025-12-08T21:36:30.967161+00:00
1399126688943570974,1422174177384730714,962835349250375710,1403734511258304662,2025-12-08T21:37:27.091617+00:00
1399126688943570974,1422174177384730714,1316778370494759003,1403734511258304662,2025-12-08T21:37:44.920155+00:00
1399126688943570974,1422174177384730714,975306932892102716,1403734511258304662,2025-12-08T21:38:11.388289+00:00
1399126688943570974,1422174177384730714,1403524638130044989,1403734511258304662,2025-12-08T21:38:44.295712+00:00
1399126688943570974,1422174177384730714,962835349250375710,1403734511258304662,2025-12-08T21:40:05.416599+00:00
1399126688943570974,1422174177384730714,1048227294759616563,1403734511258304662,2025-12-08T21:41:07.740067+00:00
1399126688943570974,1422174177384730714,623904576671711273,1403734511258304662,2025-12-08T21:45:20.897612+00:00
1399126688943570974,1422174177384730714,1152422858132312126,1403734511258304662,2025-12-08T21:46:51.772744+00:00
1399126688943570974,1422174177384730714,962835349250375710,1403734511258304662,2025-12-08T21:47:41.883538+00:00
1399126688943570974,1422174177384730714,1279758592211161118,1403734511258304662,2025-12-08T21:49:57.946789+00:00
1399126688943570974,1422174177384730714,1152422858132312126,1403734511258304662,2025-12-08T21:52:31.334201+00:00
1399126688943570974,1422174177384730714,962835349250375710,1403734511258304662,2025-12-08T21:57:39.345265+00:00
1399126688943570974,1422174177384730714,962835349250375710,1403734511258304662,2025-12-08T22:08:19.200145+00:00
1399126688943570974,1422174177384730714,623904576671711273,1403734511258304662,2025-12-08T22:09:13.784672+00:00
1399126688943570974,1422174177384730714,1409351693124239430,1403734511258304662,2025-12-08T22:20:33.649183+00:00
1399126688943570974,1422174177384730714,622180544737837077,1403734511258304662,2025-12-08T23:39:58.716335+00:00
1399126688943570974,1422174177384730714,622180544737837077,1403734511258304662,2025-12-08T23:45:05.893642+00:00
1399126688943570974,1422174177384730714,1152422858132312126,1403734511258304662,2025-12-09T01:35:36.396757+00:00
1399126688943570974,1422173161171976272,655639673401638924,1399493915131904123,2025-12-09T02:00:51.012305+00:00
1399126688943570974,1422174177384730714,265960620736774144,1403734511258304662,2025-12-09T07:20:10.154490+00:00
1399126688943570974,1422173161171976272,461240029340237824,1399493915131904123,2025-12-09T08:58:50.221609+00:00
1399126688943570974,1422173161171976272,461240029340237824,1399493915131904123,2025-12-09T11:00:18.483659+00:00
1399126688943570974,1422174177384730714,265960620736774144,1403734511258304662,2025-12-09T11:01:03.510557+00:00
1399126688943570974,1422174177384730714,1109651901970129007,1403734511258304662,2025-12-09T11:06:50.342073+00:00
1399126688943570974,1422174177384730714,1109651901970129007,1403734511258304662,2025-12-09T11:07:19.901153+00:00
1415307993532072016,1415596252032405625,1332092937978515537,1415307993532072019,2025-12-09T11:18:28.166771+00:00
1399126688943570974,1422173161171976272,593398381909377034,1399493915131904123,2025-12-09T13:26:22.821066+00:00
1399126688943570974,1431422590781624470,1048227294759616563,1403816702805807275,2025-12-09T13:55:49.491647+00:00
1399126688943570974,1422174177384730714,1048227294759616563,1403734511258304662,2025-12-09T13:58:49.358400+00:00
1399126688943570974,1422174177384730714,962835349250375710,1403734511258304662,2025-12-09T14:04:12.177625+00:00
1399126688943570974,1422174177384730714,1260548849987092543,1403734511258304662,2025-12-09T14:06:33.470352+00:00
1399126688943570974,1422174177384730714,1260548849987092543,1403734511258304662,2025-12-09T14:08:12.825555+00:00
1399126688943570974,1431422590781624470,1048227294759616563,1403816702805807275,2025-12-09T14:28:06.093371+00:00
1399126688943570974,1422174177384730714,1409351693124239430,1403734511258304662,2025-12-09T14:28:44.149031+00:00
1399126688943570974,1422174177384730714,1048227294759616563,1403734511258304662,2025-12-09T14:31:56.024524+00:00
1399126688943570974,1422174177384730714,623904576671711273,1403734511258304662,2025-12-09T14:35:05.263621+00:00
1399126688943570974,1422174177384730714,1409351693124239430,1403734511258304662,2025-12-09T14:36:47.804123+00:00
1399126688943570974,1422174177384730714,623904576671711273,1403734511258304662,2025-12-09T14:38:40.651380+00:00
1399126688943570974,1422174177384730714,1272538787322396703,1403734511258304662,2025-12-09T14:38:51.840933+00:00
1399126688943570974,1422174177384730714,1272538787322396703,1403734511258304662,2025-12-09T14:41:54.683104+00:00
1399126688943570974,1431422590781624470,1231027270228115567,1403816702805807275,2025-12-09T14:52:50.282250+00:00
1399126688943570974,1422174177384730714,1260548849987092543,1403734511258304662,2025-12-09T17:15:57.950666+00:00
1399126688943570974,1422174177384730714,1260548849987092543,1403734511258304662,2025-12-09T17:23:28.476407+00:00
1399126688943570974,1422174177384730714,1260548849987092543,1403734511258304662,2025-12-09T17:34:51.412181+00:00
1399126688943570974,1422174177384730714,1260548849987092543,1403734511258304662,2025-12-09T17:42:08.424554+00:00
1399126688943570974,1431422590781624470,1260548849987092543,1403816702805807275,2025-12-09T17:42:46.860096+00:00
1399126688943570974,1422174177384730714,265960620736774144,1403734511258304662,2025-12-09T17:46:15.467745+00:00
1399126688943570974,1422174177384730714,265960620736774144,1403734511258304662,2025-12-09T17:46:37.714260+00:00
1399126688943570974,1422174177384730714,1260548849987092543,1403734511258304662,2025-12-09T18:13:03.442050+00:00
1399126688943570974,1422174177384730714,958378061022236682,1403734511258304662,2025-12-09T18:34:27.046319+00:00
1399126688943570974,1422173161171976272,962835349250375710,1404090238657232977,2025-12-09T21:08:52.434011+00:00
1399126688943570974,1422173161171976272,962835349250375710,1399480715665477743,2025-12-09T21:10:36.905693+00:00
1399126688943570974,1422174177384730714,1272538787322396703,1403734511258304662,2025-12-09T21:55:08.217321+00:00
1399126688943570974,1422174177384730714,1272538787322396703,1403734511258304662,2025-12-09T21:58:26.328387+00:00
1399126688943570974,1422174177384730714,623904576671711273,1403734511258304662,2025-12-09T21:59:17.466737+00:00
1399126688943570974,1422174177384730714,1272538787322396703,1403734511258304662,2025-12-09T22:16:46.389960+00:00
1399126688943570974,1422174177384730714,962835349250375710,1403734511258304662,2025-12-09T22:21:31.271426+00:00
1399126688943570974,1438564254872637460,962835349250375710,1438565289561427989,2025-12-09T22:25:41.456780+00:00
1399126688943570974,1422174177384730714,962835349250375710,1403734511258304662,2025-12-09T22:27:11.871379+00:00
1399126688943570974,1422174177384730714,265960620736774144,1403734511258304662,2025-12-10T01:01:21.486666+00:00
1399126688943570974,1422173161171976272,1199689404751544452,1399493915131904123,2025-12-10T01:21:21.882076+00:00
1399126688943570974,1422174177384730714,1260548849987092543,1403734511258304662,2025-12-10T04:41:51.502926+00:00
1399126688943570974,1422174177384730714,1260548849987092543,1403734511258304662,2025-12-10T06:20:45.766023+00:00
1399126688943570974,1422174177384730714,265960620736774144,1403734511258304662,2025-12-10T08:09:09.513118+00:00
1415307993532072016,1415596252032405625,1332092937978515537,1415307993532072019,2025-12-10T08:54:23.791319+00:00
1415307993532072016,1415596252032405625,1316778370494759003,1415307993532072019,2025-12-10T08:59:25.609634+00:00
1399126688943570974,1422174177384730714,1272538787322396703,1403734511258304662,2025-12-10T10:07:10.630701+00:00
1399126688943570974,1422174177384730714,1316778370494759003,1403734511258304662,2025-12-10T10:11:58.670586+00:00
1399126688943570974,1422174177384730714,962835349250375710,1403734511258304662,2025-12-10T13:20:13.712712+00:00
1399126688943570974,1422174177384730714,1316778370494759003,1403734511258304662,2025-12-10T13:21:11.507233+00:00
1399126688943570974,1422174177384730714,1162055970898321508,1403734511258304662,2025-12-10T13:42:32.790779+00:00
1399126688943570974,1422174177384730714,1272538787322396703,1403734511258304662,2025-12-10T13:43:13.985639+00:00
1399126688943570974,1422174177384730714,1056246870994845767,1403734511258304662,2025-12-10T13:44:39.800911+00:00
1399126688943570974,1422173161171976272,962835349250375710,1399493915131904123,2025-12-10T14:34:23.577579+00:00
1399126688943570974,1401338352116174858,962835349250375710,1399480715665477743,2025-12-10T16:37:43.785955+00:00
1399126688943570974,1422173161171976272,1316778370494759003,1399493915131904123,2025-12-10T16:56:03.682699+00:00
1399126688943570974,1422174177384730714,962835349250375710,1403734511258304662,2025-12-10T17:20:14.791037+00:00
1399126688943570974,1422174177384730714,1260548849987092543,1403734511258304662,2025-12-10T17:23:21.334056+00:00
1399126688943570974,1431422590781624470,1260548849987092543,1403816702805807275,2025-12-10T17:30:27.354343+00:00
1399126688943570974,1422173161171976272,962835349250375710,1399493915131904123,2025-12-10T19:25:52.828555+00:00
1399126688943570974,1422174177384730714,693591872672759910,1403734511258304662,2025-12-10T21:09:13.425273+00:00
1399126688943570974,1422174177384730714,741072851997556808,1403734511258304662,2025-12-10T22:38:36.237011+00:00
1399126688943570974,1422174177384730714,623904576671711273,1403734511258304662,2025-12-10T22:45:03.855396+00:00
1399126688943570974,1422173161171976272,1048227294759616563,1399493915131904123,2025-12-10T23:41:35.529652+00:00
1399126688943570974,1422174177384730714,265960620736774144,1403734511258304662,2025-12-11T00:53:51.748118+00:00
1399126688943570974,1422174177384730714,265960620736774144,1403734511258304662,2025-12-11T05:38:30.156599+00:00
1399126688943570974,1422174177384730714,265960620736774144,1403734511258304662,2025-12-11T07:27:10.110175+00:00
1399126688943570974,1422173161171976272,962835349250375710,1399493915131904123,2025-12-11T13:21:12.556718+00:00
1399126688943570974,1422173161171976272,1331927419665514496,1399493915131904123,2025-12-11T15:01:53.222006+00:00
1399126688943570974,1422174177384730714,790246276876206161,1403734511258304662,2025-12-11T16:08:00.225628+00:00
1399126688943570974,1422174177384730714,975306932892102716,1403734511258304662,2025-12-11T16:13:11.585044+00:00
1399126688943570974,1422173161171976272,962835349250375710,1399493915131904123,2025-12-11T16:13:31.303471+00:00
1399126688943570974,1422174177384730714,519183996358361125,1403734511258304662,2025-12-11T16:17:26.032110+00:00
1399126688943570974,1422173161171976272,1331927419665514496,1399493915131904123,2025-12-11T17:04:32.460749+00:00
1399126688943570974,1422174177384730714,693591872672759910,1403734511258304662,2025-12-11T17:53:43.306699+00:00
1399126688943570974,1422174177384730714,1162055970898321508,1403734511258304662,2025-12-11T18:06:56.952298+00:00
1399126688943570974,1431422590781624470,1260548849987092543,1403816702805807275,2025-12-11T18:11:31.654737+00:00
1399126688943570974,1422174177384730714,1260548849987092543,1403734511258304662,2025-12-11T18:12:35.598601+00:00
1399126688943570974,1422174177384730714,519183996358361125,1403734511258304662,2025-12-11T18:16:20.813615+00:00
1399126688943570974,1422174177384730714,1162055970898321508,1403734511258304662,2025-12-11T18:17:56.716798+00:00
1399126688943570974,1422174177384730714,1260548849987092543,1403734511258304662,2025-12-11T18:34:45.883973+00:00
1399126688943570974,1422174177384730714,519183996358361125,1403734511258304662,2025-12-11T18:39:14.466920+00:00
1399126688943570974,1438564254872637460,962835349250375710,1438565289561427989,2025-12-11T20:03:11.140607+00:00
1399126688943570974,1422174177384730714,958378061022236682,1403734511258304662,2025-12-11T21:29:09.286756+00:00
1399126688943570974,1422174177384730714,265960620736774144,1403734511258304662,2025-12-11T22:12:22.047432+00:00
1399126688943570974,1422174177384730714,693591872672759910,1403734511258304662,2025-12-11T22:18:26.579061+00:00
1399126688943570974,1422174177384730714,693591872672759910,1403734511258304662,2025-12-11T22:20:21.790372+00:00
1399126688943570974,1422174177384730714,1331927419665514496,1403734511258304662,2025-12-11T22:37:25.098364+00:00
1399126688943570974,1422174177384730714,265960620736774144,1403734511258304662,2025-12-12T01:00:56.356578+00:00
1399126688943570974,1422174177384730714,355525634765750273,1403734511258304662,2025-12-12T04:47:56.744576+00:00
1399126688943570974,1422174177384730714,265960620736774144,1403734511258304662,2025-12-12T06:26:04.559277+00:00
1415307993532072016,1415947670647734272,461240029340237824,1415307993532072020,2025-12-12T07:02:35.808049+00:00
1415307993532072016,1415596252032405625,1316778370494759003,1415333924850241536,2025-12-12T08:41:29.461213+00:00
1399126688943570974,1422174177384730714,265960620736774144,1403734511258304662,2025-12-12T11:04:27.618135+00:00
1399126688943570974,1422174177384730714,790246276876206161,1403734511258304662,2025-12-12T11:39:59.891199+00:00
1399126688943570974,1422174177384730714,265960620736774144,1403734511258304662,2025-12-12T11:41:39.300649+00:00
1399126688943570974,1422173161171976272,461240029340237824,1427743564174987315,2025-12-12T13:57:58.406677+00:00
1399126688943570974,1422173161171976272,655639673401638924,1427743564174987315,2025-12-12T14:55:45.234821+00:00
1399126688943570974,1431422590781624470,1231027270228115567,1403816702805807275,2025-12-12T15:18:32.733044+00:00
1399126688943570974,1422174177384730714,962835349250375710,1403734511258304662,2025-12-12T15:59:14.932465+00:00
1399126688943570974,1422173161171976272,1366259180335271997,1399493915131904123,2025-12-12T18:26:59.286208+00:00
1399126688943570974,1431422590781624470,1048227294759616563,1403816702805807275,2025-12-12T19:39:26.428061+00:00
1399126688943570974,1422174177384730714,588445727370379337,1403734511258304662,2025-12-12T19:42:39.119155+00:00
1399126688943570974,1431422590781624470,1048227294759616563,1403816702805807275,2025-12-13T10:22:00.435121+00:00
1415307993532072016,1415596252032405625,461240029340237824,1415307993532072019,2025-12-13T10:42:13.124648+00:00
1399126688943570974,1431422590781624470,1048227294759616563,1403816702805807275,2025-12-13T11:09:37.355416+00:00
1399126688943570974,1422173161171976272,962835349250375710,1399493915131904123,2025-12-13T12:50:07.878523+00:00
1399126688943570974,1422173161171976272,655639673401638924,1399493915131904123,2025-12-13T14:18:24.334504+00:00
1399126688943570974,1422174177384730714,948999752635265107,1403734511258304662,2025-12-13T20:28:58.545745+00:00
1399126688943570974,1422173161171976272,461240029340237824,1399493915131904123,2025-12-13T21:39:02.293209+00:00
1399126688943570974,1422174177384730714,962835349250375710,1403734511258304662,2025-12-14T00:11:02.184950+00:00
1399126688943570974,1422174177384730714,632860001861369857,1403734511258304662,2025-12-14T00:39:05.312562+00:00
1399126688943570974,1422173161171976272,962835349250375710,1399493915131904123,2025-12-14T11:29:14.443740+00:00
1399126688943570974,1422174177384730714,1109651901970129007,1403734511258304662,2025-12-14T13:02:30.388072+00:00
1399126688943570974,1422173161171976272,461240029340237824,1399493915131904123,2025-12-14T15:46:58.155057+00:00
1399126688943570974,1422174177384730714,1152422858132312126,1403734511258304662,2025-12-14T20:09:11.890697+00:00
1399126688943570974,1422173161171976272,1316778370494759003,1399493915131904123,2025-12-14T20:48:22.048761+00:00
1399126688943570974,1422174177384730714,1366089593321160856,1403734511258304662,2025-12-14T21:22:40.711214+00:00
1399126688943570974,1422174177384730714,623904576671711273,1403734511258304662,2025-12-14T21:28:47.234370+00:00
1399126688943570974,1422174177384730714,962835349250375710,1403734511258304662,2025-12-14T21:34:58.420393+00:00
1399126688943570974,1422174177384730714,1056246870994845767,1403734511258304662,2025-12-14T21:37:22.394495+00:00
1399126688943570974,1431422590781624470,1316778370494759003,1436032557769687172,2025-12-14T23:23:17.351650+00:00
1399126688943570974,1422173161171976272,1316778370494759003,1436032557769687172,2025-12-14T23:24:14.664467+00:00
1399126688943570974,1422174177384730714,1403524638130044989,1403734511258304662,2025-12-15T00:14:39.295339+00:00
1399126688943570974,1422174177384730714,962835349250375710,1403734511258304662,2025-12-15T00:21:47.005274+00:00
1399126688943570974,1422174177384730714,519183996358361125,1403734511258304662,2025-12-15T03:12:04.755402+00:00
1399126688943570974,1422174177384730714,265960620736774144,1403734511258304662,2025-12-15T07:20:13.435217+00:00
1399126688943570974,1422174177384730714,1260548849987092543,1403734511258304662,2025-12-15T12:18:27.055641+00:00
1399126688943570974,1422174177384730714,265960620736774144,1403734511258304662,2025-12-15T13:47:13.099208+00:00
1399126688943570974,1422174177384730714,519183996358361125,1403734511258304662,2025-12-15T13:48:45.154071+00:00
1399126688943570974,1422173161171976272,1331927419665514496,1399493915131904123,2025-12-15T15:44:25.381168+00:00
1399126688943570974,1422174177384730714,975306932892102716,1403734511258304662,2025-12-15T16:47:26.302916+00:00
1399126688943570974,1422174177384730714,1260548849987092543,1403734511258304662,2025-12-15T17:40:57.305161+00:00
1399126688943570974,1422173161171976272,1331927419665514496,1399493915131904123,2025-12-15T20:07:47.497653+00:00
1399126688943570974,1422174177384730714,1331927419665514496,1403734511258304662,2025-12-15T21:21:09.168809+00:00
1399126688943570974,1422174177384730714,962835349250375710,1403734511258304662,2025-12-15T21:21:10.045604+00:00
1399126688943570974,1422174177384730714,265960620736774144,1403734511258304662,2025-12-15T22:40:30.950692+00:00
1399126688943570974,1422174177384730714,355525634765750273,1403734511258304662,2025-12-15T23:15:24.501603+00:00
1399126688943570974,1422174177384730714,1403524638130044989,1403734511258304662,2025-12-16T01:34:09.584036+00:00
1399126688943570974,1422174177384730714,1152422858132312126,1403734511258304662,2025-12-16T02:04:12.760033+00:00
1399126688943570974,1422174177384730714,265960620736774144,1403734511258304662,2025-12-16T04:54:33.942257+00:00
1399126688943570974,1431422590781624470,747202483457097758,1403816702805807275,2025-12-16T05:00:36.571746+00:00
1399126688943570974,1422174177384730714,223495221504245760,1403734511258304662,2025-12-16T05:16:11.491675+00:00
1399126688943570974,1422174177384730714,519183996358361125,1403734511258304662,2025-12-16T07:23:29.645740+00:00
1399126688943570974,1422174177384730714,593398381909377034,1403734511258304662,2025-12-16T07:46:22.959683+00:00
1399126688943570974,1422174177384730714,265960620736774144,1403734511258304662,2025-12-16T10:47:59.007724+00:00
1399126688943570974,1422174177384730714,1056246870994845767,1403734511258304662,2025-12-16T10:48:45.562012+00:00
1399126688943570974,1422174177384730714,1188539861515391058,1403734511258304662,2025-12-16T10:55:46.866123+00:00
1399126688943570974,1422174177384730714,1316778370494759003,1403734511258304662,2025-12-16T10:58:13.831209+00:00
1399126688943570974,1422174177384730714,1303378871684567102,1403734511258304662,2025-12-16T11:21:09.743154+00:00
1399126688943570974,1422174177384730714,1188539861515391058,1403734511258304662,2025-12-16T11:26:16.447939+00:00
1399126688943570974,1422174177384730714,271996847944499200,1403734511258304662,2025-12-16T11:29:35.282052+00:00
1399126688943570974,1422174177384730714,1303378871684567102,1403734511258304662,2025-12-16T11:35:36.797519+00:00
1399126688943570974,1422174177384730714,1056246870994845767,1403734511258304662,2025-12-16T11:36:14.790220+00:00
1399126688943570974,1422174177384730714,1188539861515391058,1403734511258304662,2025-12-16T11:36:19.783400+00:00
1399126688943570974,1422174177384730714,1303378871684567102,1403734511258304662,2025-12-16T11:45:40.597708+00:00
1399126688943570974,1422174177384730714,1188539861515391058,1403734511258304662,2025-12-16T11:46:41.266560+00:00
1415307993532072016,1415596252032405625,1332092937978515537,1415307993532072019,2025-12-16T11:55:10.772796+00:00
1399126688943570974,1422174177384730714,1303378871684567102,1403734511258304662,2025-12-16T11:57:05.099727+00:00
1399126688943570974,1422173161171976272,962835349250375710,1399493915131904123,2025-12-16T12:28:54.172495+00:00
1399126688943570974,1422174177384730714,1152422858132312126,1403734511258304662,2025-12-16T13:15:42.507358+00:00
1399126688943570974,1431422590781624470,1048227294759616563,1403816702805807275,2025-12-16T13:38:51.718918+00:00
1399126688943570974,1422174177384730714,1303378871684567102,1403734511258304662,2025-12-16T14:02:57.018606+00:00
1399126688943570974,1422174177384730714,1331927419665514496,1403734511258304662,2025-12-16T14:19:20.351866+00:00
1399126688943570974,1422174177384730714,1162055970898321508,1403734511258304662,2025-12-16T14:22:13.032350+00:00
1399126688943570974,1422174177384730714,1188539861515391058,1403734511258304662,2025-12-16T14:24:45.436383+00:00
1399126688943570974,1422174177384730714,962835349250375710,1403734511258304662,2025-12-16T14:26:07.230232+00:00
1399126688943570974,1422174177384730714,1162055970898321508,1403734511258304662,2025-12-16T14:30:32.565537+00:00
1399126688943570974,1422174177384730714,1216672154498629645,1403734511258304662,2025-12-16T14:38:08.591000+00:00
1399126688943570974,1422174177384730714,1303378871684567102,1403734511258304662,2025-12-16T14:44:52.874081+00:00
1399126688943570974,1422174177384730714,1409351693124239430,1403734511258304662,2025-12-16T14:49:50.281056+00:00
1399126688943570974,1422174177384730714,1303378871684567102,1403734511258304662,2025-12-16T14:53:41.443128+00:00
1399126688943570974,1422174177384730714,1409351693124239430,1403734511258304662,2025-12-16T14:56:56.744242+00:00
1399126688943570974,1422174177384730714,1303378871684567102,1403734511258304662,2025-12-16T15:01:54.631963+00:00
1399126688943570974,1422174177384730714,1152422858132312126,1403734511258304662,2025-12-16T15:03:41.364955+00:00
1399126688943570974,1422174177384730714,1303378871684567102,1403734511258304662,2025-12-16T15:07:17.545717+00:00
1399126688943570974,1422174177384730714,962835349250375710,1403734511258304662,2025-12-16T17:02:06.196097+00:00
1399126688943570974,1422174177384730714,1152422858132312126,1403734511258304662,2025-12-16T17:32:51.790610+00:00
1399126688943570974,1422174177384730714,1188539861515391058,1403734511258304662,2025-12-16T17:41:18.654595+00:00
1399126688943570974,1422174177384730714,1152422858132312126,1403734511258304662,2025-12-16T17:42:45.446342+00:00
1399126688943570974,1422174177384730714,519183996358361125,1403734511258304662,2025-12-16T17:43:44.933676+00:00
1399126688943570974,1422174177384730714,1152422858132312126,1403734511258304662,2025-12-16T17:47:16.867345+00:00
1399126688943570974,1422174177384730714,519183996358361125,1403734511258304662,2025-12-16T17:47:26.556036+00:00
1399126688943570974,1422174177384730714,519183996358361125,1403734511258304662,2025-12-16T17:48:55.873449+00:00
1399126688943570974,1422174177384730714,1152422858132312126,1403734511258304662,2025-12-16T17:55:26.477093+00:00
1399126688943570974,1422174177384730714,1152422858132312126,1403734511258304662,2025-12-16T18:02:43.583486+00:00
1399126688943570974,1422174177384730714,1162055970898321508,1403734511258304662,2025-12-16T18:03:44.569300+00:00
1399126688943570974,1422174177384730714,1303378871684567102,1403734511258304662,2025-12-16T18:09:13.480295+00:00
1399126688943570974,1422174177384730714,1152422858132312126,1403734511258304662,2025-12-16T18:11:12.998768+00:00
1399126688943570974,1422174177384730714,1152422858132312126,1403734511258304662,2025-12-16T18:16:12.965399+00:00
1399126688943570974,1422174177384730714,1260548849987092543,1403734511258304662,2025-12-16T19:04:02.861924+00:00
1399126688943570974,1422174177384730714,1260548849987092543,1403734511258304662,2025-12-16T19:19:07.250807+00:00
1399126688943570974,1422174177384730714,962835349250375710,1403734511258304662,2025-12-16T20:33:21.304375+00:00
1399126688943570974,1422174177384730714,962835349250375710,1403734511258304662,2025-12-16T20:40:11.733986+00:00
1399126688943570974,1422174177384730714,265960620736774144,1403734511258304662,2025-12-16T21:38:10.534764+00:00
1399126688943570974,1422173161171976272,175482097803329546,1427743564174987315,2025-12-17T06:10:32.066438+00:00
1399126688943570974,1431422590781624470,223495221504245760,1403816702805807275,2025-12-17T07:12:49.823067+00:00
1399126688943570974,1422173161171976272,1188539861515391058,1427743564174987315,2025-12-17T08:12:23.769227+00:00
1399126688943570974,1422174177384730714,593398381909377034,1403734511258304662,2025-12-17T08:15:18.910676+00:00
1399126688943570974,1422174177384730714,1162055970898321508,1403734511258304662,2025-12-17T08:20:47.724804+00:00
1399126688943570974,1422174177384730714,593398381909377034,1403734511258304662,2025-12-17T08:35:26.292461+00:00
1399126688943570974,1422174177384730714,1188539861515391058,1403734511258304662,2025-12-17T08:40:14.678966+00:00
1399126688943570974,1422174177384730714,1188539861515391058,1403734511258304662,2025-12-17T08:43:42.500823+00:00
1399126688943570974,1422174177384730714,265960620736774144,1403734511258304662,2025-12-17T08:44:37.259366+00:00
1399126688943570974,1422174177384730714,265960620736774144,1403734511258304662,2025-12-17T09:34:45.439723+00:00
1399126688943570974,1422174177384730714,265960620736774144,1403734511258304662,2025-12-17T09:55:32.582701+00:00
1399126688943570974,1422173161171976272,1316778370494759003,1427743564174987315,2025-12-17T10:11:22.689621+00:00
1399126688943570974,1422174177384730714,1303378871684567102,1403734511258304662,2025-12-17T11:32:23.881278+00:00
1399126688943570974,1422174177384730714,1303378871684567102,1403734511258304662,2025-12-17T14:58:09.744831+00:00
1399126688943570974,1422174177384730714,623904576671711273,1403734511258304662,2025-12-17T15:20:06.228287+00:00
1399126688943570974,1422174177384730714,265960620736774144,1403734511258304662,2025-12-17T16:09:16.832536+00:00
1399126688943570974,1422174177384730714,1303378871684567102,1403734511258304662,2025-12-17T16:14:34.178147+00:00
1399126688943570974,1431422590781624470,223495221504245760,1403816702805807275,2025-12-17T19:44:13.701647+00:00
1399126688943570974,1422173161171976272,1316778370494759003,1399495826144755793,2025-12-17T20:33:26.304463+00:00
1399126688943570974,1422174177384730714,693591872672759910,1403734511258304662,2025-12-17T21:40:33.219759+00:00
1399126688943570974,1422174177384730714,1316778370494759003,1403734511258304662,2025-12-17T21:42:20.487215+00:00
1399126688943570974,1422174177384730714,623904576671711273,1403734511258304662,2025-12-17T21:43:56.078942+00:00
1399126688943570974,1422174177384730714,741072851997556808,1403734511258304662,2025-12-17T21:57:38.757799+00:00
1399126688943570974,1422173161171976272,461240029340237824,1399493915131904123,2025-12-18T08:34:24.707551+00:00
1399126688943570974,1422174177384730714,265960620736774144,1403734511258304662,2025-12-18T09:12:06.988990+00:00
1399126688943570974,1422174177384730714,1260548849987092543,1403734511258304662,2025-12-18T09:26:26.501556+00:00
1399126688943570974,1422174177384730714,1260548849987092543,1403734511258304662,2025-12-18T09:54:21.957060+00:00
1415307993532072016,1415596252032405625,1316778370494759003,1415307993532072019,2025-12-18T11:21:40.780859+00:00
1399126688943570974,1422173161171976272,461240029340237824,1399493915131904123,2025-12-18T13:53:06.476259+00:00
1399126688943570974,1422174177384730714,1303378871684567102,1403734511258304662,2025-12-18T14:48:06.834739+00:00
1399126688943570974,1422174177384730714,1303378871684567102,1403734511258304662,2025-12-18T15:34:52.469573+00:00
1399126688943570974,1422174177384730714,1303378871684567102,1403734511258304662,2025-12-18T15:35:14.043794+00:00
1399126688943570974,1422173161171976272,962835349250375710,1399493915131904123,2025-12-18T16:20:44.340973+00:00
1399126688943570974,1422174177384730714,1260548849987092543,1403734511258304662,2025-12-18T17:08:08.711168+00:00
1399126688943570974,1422174177384730714,1409351693124239430,1403734511258304662,2025-12-18T17:10:41.865372+00:00
1399126688943570974,1422174177384730714,693591872672759910,1403734511258304662,2025-12-18T18:00:42.342017+00:00
1399126688943570974,1422173161171976272,175482097803329546,1427743564174987315,2025-12-18T19:22:45.695521+00:00
1415307993532072016,1415596252032405625,1332092937978515537,1415307993532072019,2025-12-18T19:31:29.897408+00:00
1415307993532072016,1415596252032405625,1332092937978515537,1415307993532072019,2025-12-18T20:03:47.766229+00:00
1399126688943570974,1422174177384730714,693591872672759910,1403734511258304662,2025-12-18T23:10:53.422523+00:00
1399126688943570974,1422174177384730714,962835349250375710,1403734511258304662,2025-12-18T23:12:48.984943+00:00
1399126688943570974,1422174177384730714,265960620736774144,1403734511258304662,2025-12-19T01:15:31.726964+00:00
1399126688943570974,1422174177384730714,1303378871684567102,1403734511258304662,2025-12-19T12:56:00.035772+00:00
1399126688943570974,1422174177384730714,499625557831581710,1403734511258304662,2025-12-19T13:18:37.425073+00:00
1399126688943570974,1422174177384730714,790246276876206161,1403734511258304662,2025-12-19T15:27:17.934300+00:00
1399126688943570974,1422174177384730714,1316778370494759003,1403734511258304662,2025-12-19T15:32:13.453052+00:00
1399126688943570974,1422174177384730714,623904576671711273,1403734511258304662,2025-12-19T15:34:32.020644+00:00
1399126688943570974,1422174177384730714,499625557831581710,1403734511258304662,2025-12-19T19:12:56.872225+00:00
1399126688943570974,1422174177384730714,1162055970898321508,1403734511258304662,2025-12-19T19:17:40.560684+00:00
1399126688943570974,1422174177384730714,1316778370494759003,1403734511258304662,2025-12-19T19:27:07.596089+00:00
1399126688943570974,1422174177384730714,609216473814269956,1403734511258304662,2025-12-19T21:52:38.021963+00:00
1399126688943570974,1422174177384730714,175482097803329546,1403734511258304662,2025-12-19T22:57:15.563997+00:00
1399126688943570974,1422174177384730714,962835349250375710,1403734511258304662,2025-12-20T07:06:12.130561+00:00
1399126688943570974,1422174177384730714,265960620736774144,1403734511258304662,2025-12-20T08:38:02.712621+00:00
1399126688943570974,1431422590781624470,1231027270228115567,1403816702805807275,2025-12-20T15:23:18.053687+00:00
1399126688943570974,1422173161171976272,461240029340237824,1399493915131904123,2025-12-20T15:25:25.666539+00:00
1399126688943570974,1422173161171976272,962835349250375710,1427743564174987315,2025-12-20T16:01:24.143717+00:00
1399126688943570974,1422174177384730714,623904576671711273,1403734511258304662,2025-12-20T18:49:46.896931+00:00
1399126688943570974,1422174177384730714,265960620736774144,1403734511258304662,2025-12-20T19:54:24.051679+00:00
1399126688943570974,1422174177384730714,693591872672759910,1403734511258304662,2025-12-20T23:01:27.016566+00:00
1399126688943570974,1422173161171976272,461240029340237824,1399493915131904123,2025-12-20T23:11:42.721154+00:00
1399126688943570974,1422174177384730714,1303378871684567102,1403734511258304662,2025-12-20T23:54:54.948740+00:00
1399126688943570974,1422174177384730714,1303378871684567102,1403734511258304662,2025-12-21T06:55:53.943108+00:00
1399126688943570974,1422174177384730714,265960620736774144,1403734511258304662,2025-12-21T07:46:58.893594+00:00
1399126688943570974,1422174177384730714,1216672154498629645,1403734511258304662,2025-12-21T08:47:25.254552+00:00
1399126688943570974,1422174177384730714,265960620736774144,1403734511258304662,2025-12-21T08:49:03.382657+00:00
1399126688943570974,1422174177384730714,936034715964678156,1403734511258304662,2025-12-21T09:34:16.333953+00:00
1399126688943570974,1422174177384730714,1216672154498629645,1403734511258304662,2025-12-21T09:39:21.227278+00:00
1399126688943570974,1422174177384730714,936034715964678156,1403734511258304662,2025-12-21T09:41:05.593935+00:00
1399126688943570974,1422174177384730714,975306932892102716,1403734511258304662,2025-12-21T10:04:55.727829+00:00
1399126688943570974,1422174177384730714,499625557831581710,1403734511258304662,2025-12-21T13:08:50.136989+00:00
1399126688943570974,1422174177384730714,936034715964678156,1403734511258304662,2025-12-21T13:21:13.293051+00:00
1399126688943570974,1422174177384730714,623904576671711273,1403734511258304662,2025-12-21T13:26:11.889025+00:00
1399126688943570974,1422174177384730714,936034715964678156,1403734511258304662,2025-12-21T13:29:14.045056+00:00
1399126688943570974,1422174177384730714,936034715964678156,1403734511258304662,2025-12-21T13:38:13.127917+00:00
1399126688943570974,1422174177384730714,936034715964678156,1403734511258304662,2025-12-21T15:02:41.729653+00:00
1399126688943570974,1422174177384730714,936034715964678156,1403734511258304662,2025-12-21T15:11:20.910342+00:00
1399126688943570974,1422174177384730714,936034715964678156,1403734511258304662,2025-12-21T15:58:47.885712+00:00
1399126688943570974,1422173161171976272,499625557831581710,1427743564174987315,2025-12-21T16:51:30.857213+00:00
1399126688943570974,1422174177384730714,1331927419665514496,1403734511258304662,2025-12-21T17:06:48.100976+00:00
1399126688943570974,1422174177384730714,499625557831581710,1403734511258304662,2025-12-21T17:31:01.108947+00:00
1399126688943570974,1422174177384730714,1403524638130044989,1403734511258304662,2025-12-21T17:51:40.346980+00:00
1399126688943570974,1422174177384730714,223495221504245760,1403734511258304662,2025-12-21T17:57:36.763028+00:00
1399126688943570974,1422174177384730714,1303378871684567102,1403734511258304662,2025-12-21T19:49:21.724030+00:00
1399126688943570974,1422173161171976272,461240029340237824,1399493915131904123,2025-12-21T20:33:47.919468+00:00
1399126688943570974,1422174177384730714,693591872672759910,1403734511258304662,2025-12-21T20:34:22.405799+00:00
1399126688943570974,1422174177384730714,1331927419665514496,1403734511258304662,2025-12-22T01:19:35.240580+00:00
1399126688943570974,1422174177384730714,223495221504245760,1403734511258304662,2025-12-22T01:23:17.402154+00:00
1399126688943570974,1422174177384730714,1109651901970129007,1403734511258304662,2025-12-22T02:10:22.310243+00:00
1399126688943570974,1422174177384730714,1109651901970129007,1403734511258304662,2025-12-22T02:21:03.147442+00:00
1399126688943570974,1422174177384730714,1303378871684567102,1403734511258304662,2025-12-22T03:46:11.594514+00:00
1399126688943570974,1422174177384730714,1260548849987092543,1403734511258304662,2025-12-22T06:20:50.933839+00:00
1399126688943570974,1422173161171976272,461240029340237824,1399493915131904123,2025-12-22T07:12:00.373695+00:00
1399126688943570974,1422174177384730714,265960620736774144,1403734511258304662,2025-12-22T09:02:48.436102+00:00
1399126688943570974,1422174177384730714,936034715964678156,1403734511258304662,2025-12-22T10:54:21.937103+00:00
1399126688943570974,1422174177384730714,936034715964678156,1403734511258304662,2025-12-22T10:56:04.013954+00:00
1399126688943570974,1422174177384730714,790246276876206161,1403734511258304662,2025-12-22T11:23:49.183577+00:00
1399126688943570974,1422174177384730714,1260548849987092543,1403734511258304662,2025-12-22T11:55:47.315927+00:00
1399126688943570974,1422174177384730714,1260548849987092543,1403734511258304662,2025-12-22T12:15:25.349088+00:00
1399126688943570974,1422173161171976272,461240029340237824,1399493915131904123,2025-12-22T12:32:50.323470+00:00
1399126688943570974,1422174177384730714,265960620736774144,1403734511258304662,2025-12-22T13:16:47.171775+00:00
1399126688943570974,1422174177384730714,1409351693124239430,1403734511258304662,2025-12-22T13:19:23.074098+00:00
1399126688943570974,1422174177384730714,623904576671711273,1403734511258304662,2025-12-22T13:19:29.988939+00:00
1399126688943570974,1422173161171976272,962835349250375710,1399493915131904123,2025-12-22T15:53:24.157685+00:00
1399126688943570974,1422174177384730714,212762107358347264,1403734511258304662,2025-12-22T16:55:52.718130+00:00
1399126688943570974,1422174177384730714,623904576671711273,1403734511258304662,2025-12-22T17:00:42.336104+00:00
1399126688943570974,1422174177384730714,212762107358347264,1403734511258304662,2025-12-22T17:04:18.154441+00:00
1399126688943570974,1422174177384730714,623904576671711273,1403734511258304662,2025-12-22T17:04:39.953162+00:00
1399126688943570974,1422174177384730714,962835349250375710,1403734511258304662,2025-12-22T17:09:13.471663+00:00
1399126688943570974,1422174177384730714,623904576671711273,1403734511258304662,2025-12-22T17:11:09.854962+00:00
1399126688943570974,1422174177384730714,962835349250375710,1403734511258304662,2025-12-22T17:11:35.940929+00:00
1399126688943570974,1422174177384730714,623904576671711273,1403734511258304662,2025-12-22T17:15:09.424031+00:00
1399126688943570974,1422174177384730714,623904576671711273,1403734511258304662,2025-12-22T17:22:01.014427+00:00
1399126688943570974,1422174177384730714,962835349250375710,1403734511258304662,2025-12-22T17:22:36.846464+00:00
1399126688943570974,1422174177384730714,1048227294759616563,1403734511258304662,2025-12-22T17:23:22.587276+00:00
1399126688943570974,1422174177384730714,1162055970898321508,1403734511258304662,2025-12-22T17:23:51.841503+00:00
1399126688943570974,1422174177384730714,869066434133770251,1403734511258304662,2025-12-22T17:26:30.195164+00:00
1399126688943570974,1422174177384730714,1162055970898321508,1403734511258304662,2025-12-22T17:44:20.528443+00:00
1399126688943570974,1422174177384730714,623904576671711273,1403734511258304662,2025-12-22T17:47:53.824927+00:00
1399126688943570974,1431422590781624470,223495221504245760,1403816702805807275,2025-12-22T17:51:07.934804+00:00
1399126688943570974,1422174177384730714,1303378871684567102,1403734511258304662,2025-12-22T17:52:38.483303+00:00
1399126688943570974,1422174177384730714,1303378871684567102,1403734511258304662,2025-12-22T17:56:24.372368+00:00
1399126688943570974,1422174177384730714,936034715964678156,1403734511258304662,2025-12-22T20:54:02.003959+00:00
1399126688943570974,1422173161171976272,461240029340237824,1399493915131904123,2025-12-22T21:06:42.550512+00:00
1399126688943570974,1422174177384730714,962835349250375710,1403734511258304662,2025-12-22T22:16:37.781092+00:00
1399126688943570974,1422174177384730714,265960620736774144,1403734511258304662,2025-12-22T23:17:03.296645+00:00
1399126688943570974,1422174177384730714,265960620736774144,1403734511258304662,2025-12-23T02:24:22.751843+00:00
1399126688943570974,1422173161171976272,461240029340237824,1399493915131904123,2025-12-23T07:15:11.153015+00:00
1399126688943570974,1422173161171976272,461240029340237824,1399493915131904123,2025-12-23T08:08:47.823941+00:00
1399126688943570974,1422174177384730714,936034715964678156,1403734511258304662,2025-12-23T10:27:12.852384+00:00
1399126688943570974,1431422590781624470,1231027270228115567,1403816702805807275,2025-12-23T11:46:43.463969+00:00
1399126688943570974,1422174177384730714,1303378871684567102,1403734511258304662,2025-12-23T13:59:34.360069+00:00
1399126688943570974,1422174177384730714,1409351693124239430,1403734511258304662,2025-12-23T14:23:10.816573+00:00
1399126688943570974,1422174177384730714,623904576671711273,1403734511258304662,2025-12-23T14:52:45.864010+00:00
1399126688943570974,1422174177384730714,958378061022236682,1403734511258304662,2025-12-23T14:53:10.350392+00:00
1399126688943570974,1422174177384730714,790246276876206161,1403734511258304662,2025-12-23T15:09:11.603917+00:00
1399126688943570974,1422173161171976272,499625557831581710,1427743564174987315,2025-12-23T15:44:36.517399+00:00
1399126688943570974,1422173161171976272,461240029340237824,1427743564174987315,2025-12-23T16:11:28.266345+00:00
1399126688943570974,1431422590781624470,1048227294759616563,1403816702805807275,2025-12-23T19:25:44.443184+00:00
1399126688943570974,1422173161171976272,962835349250375710,1399493915131904123,2025-12-23T19:27:20.908808+00:00
1399126688943570974,1422173161171976272,962835349250375710,1399493915131904123,2025-12-23T21:28:01.507959+00:00
1399126688943570974,1422174177384730714,1303378871684567102,1403734511258304662,2025-12-23T21:31:07.905270+00:00
1399126688943570974,1422174177384730714,1303378871684567102,1403734511258304662,2025-12-23T21:42:39.976708+00:00
1399126688943570974,1422174177384730714,212762107358347264,1403734511258304662,2025-12-23T21:49:21.205678+00:00
1399126688943570974,1422174177384730714,265960620736774144,1403734511258304662,2025-12-23T22:28:44.994025+00:00
1399126688943570974,1422174177384730714,958378061022236682,1403734511258304662,2025-12-24T00:25:36.698366+00:00
1399126688943570974,1422174177384730714,1316778370494759003,1403734511258304662,2025-12-24T00:30:56.504009+00:00
1399126688943570974,1422174177384730714,639523134822940672,1403734511258304662,2025-12-24T02:39:42.854163+00:00
1399126688943570974,1403749700561145976,1331927419665514496,1453213068459769897,2025-12-24T02:45:29.005178+00:00
1399126688943570974,1424426569253785732,1331927419665514496,1453213068459769897,2025-12-24T02:45:29.005334+00:00
1399126688943570974,1422173161171976272,461240029340237824,1399493915131904123,2025-12-24T09:47:12.081991+00:00
1399126688943570974,1422174177384730714,265960620736774144,1403734511258304662,2025-12-24T09:53:57.033173+00:00
